Product,Size,Image
Test Product,S,http://img.ltwebstatic.com/images2_pi/2019/02/22/15508050862952591638_thumbnail_600x799.jpg
Test Product,S,http://img.ltwebstatic.com/images2_pi/2019/02/22/15508050821751622482_thumbnail_600x799.jpg
Test Product,S,http://img.ltwebstatic.com/images2_pi/2019/02/22/15508050821751622482_thumbnail_600x799.jpg
Test Product,S,http://img.ltwebstatic.com/images2_pi/2019/02/22/15508050862952591638_thumbnail_600x799.jpg
Test Product,S,http://img.ltwebstatic.com/images2_pi/2019/02/22/15508050862952591638_thumbnail_600x799.jpg
Test Product,S,http://img.ltwebstatic.com/images2_pi/2019/02/22/15508050862952591638_thumbnail_600x799.jpg
Test Product,L,http://img.ltwebstatic.com/images2_pi/2019/02/22/15508050862952591638_thumbnail_600x799.jpg
Test Product,L,http://img.ltwebstatic.com/images2_pi/2019/02/22/15508050821751622482_thumbnail_600x799.jpg
Test Product,L,http://img.ltwebstatic.com/images2_pi/2019/02/22/15508050821751622482_thumbnail_600x799.jpg
Test Product,L,http://img.ltwebstatic.com/images2_pi/2019/02/22/15508050862952591638_thumbnail_600x799.jpg
Test Product,L,http://img.ltwebstatic.com/images2_pi/2019/02/22/15508050862952591638_thumbnail_600x799.jpg
Test Product,L,http://img.ltwebstatic.com/images2_pi/2019/02/22/15508050862952591638_thumbnail_600x799.jpg
